Name,Link (Auto),Collection ID,Locale ID,Item ID,Created On,Updated On,Published On,Name of the developer,Main Score,Score Investment security,Score Investment potential,Score Location,Score Comfort,Date of Delivery NEW,Year,Total Apartments,City,District,Minutes to the beach NEW,Minutes to the beach,Minutes to the airport for filter,Minutes to the airport,Minutes to the Mall,Object Class,Project Types NEW,Parking space NEW,Parking space,Number of floors,Project Features,Layout NEW,Price from,Price (студия),Price (1 спальня),Price (2 спальни),Price (3 спальни),Price (4+ спальни),Area (студия),Area (1 спальня),Area (2 спальни),Area (3 спальни),Area (4+ спальни),Cap Rate,IRR,ROI 10 year,Link to map,Embed to map,Main Image,Gallery Preview,Gallery,Image (Outdoor #2),Image (Indoor #1),Image (Indoor #2),Description of the object,Description of the internal infrastructure,Description of the area,Project plan,Price for filter,Best Grage NEW
Above Element,above-element,67aa5457ac73e442cea4bc4a,672b5797ac1486cdfc512283,67aa547aee7791faa7dc1a5f,Mon Feb 10 2025 19:33:14 GMT+0000 (Coordinated Universal Time),Tue Feb 11 2025 08:20:31 GMT+0000 (Coordinated Universal Time),Tue Feb 11 2025 08:33:36 GMT+0000 (Coordinated Universal Time),Art House Group,"8,9","9,3","8,0","9,0","9,4",Mon Mar 31 2025 00:00:00 GMT+0000 (Coordinated Universal Time),2025,263,Phuket,Thalang,11-30-min-na-mashine,12,do-30-min-na-mashine,23,13,Премиум,kvartira,net,,7,gym-fitness-center; childrens-playground,1-spalnya; 3-spalni,176 191,,176 191 — 238 754,,601 878 — 603 358,,,38 — 47,,138,,"6,8%","11,9%",133%,https://maps.app.goo.gl/aj5kXc5JoowuJodc7,https://www.google.com/maps/embed?pb=!1m14!1m8!1m3!1d31361.667230574803!2d98.295523!3d7.9910692!3m2!1i1024!2i768!4f13.1!3m3!1m2!1s0x30503745329d9d21%3A0xbfd93e01a5cf685b!2sAbove%20Element%20Sales%20Office!5e1!3m2!1sru!2sru!4v1739260505874!5m2!1sru!2sru,https://cdn.prod.website-files.com/672b5797ac1486cdfc5122ac/67aa5479ee7791faa7dc1a08_675f180fea96bdc67629617e_ABE-11.jpeg,https://cdn.prod.website-files.com/672b5797ac1486cdfc5122ac/67aa5479ee7791faa7dc1a10_675f1810ddcb910473906b13_ABE-9.jpeg,https://cdn.prod.website-files.com/672b5797ac1486cdfc5122ac/67aa5479ee7791faa7dc1a13_675f180fea96bdc67629617e_ABE-11.jpeg; https://cdn.prod.website-files.com/672b5797ac1486cdfc5122ac/67aa5479ee7791faa7dc1a0b_675f1815321ce7c467d4c9b8_U_76%2520-4.jpeg; https://cdn.prod.website-files.com/672b5797ac1486cdfc5122ac/67aa5479ee7791faa7dc19fe_675f18189a0b036384a51405_U47-06.jpeg,,,,,,,,100-000----200-000; 200-000----500-000; 500-000----1-000-000,samye-bezopasnye-dlya-investiciy; samye-udobnye-lokacii; samye-komfortnye-dlya-zhizni
Aileen Villas Layan Phase 5,aileen-villas-layan-phase-5,67aa5457ac73e442cea4bc4a,672b5797ac1486cdfc512283,67aa547a01731f1825113989,Mon Feb 10 2025 19:33:14 GMT+0000 (Coordinated Universal Time),Tue Feb 11 2025 08:20:19 GMT+0000 (Coordinated Universal Time),Tue Feb 11 2025 08:33:36 GMT+0000 (Coordinated Universal Time),"Trinity Property Co., Ltd.","8,6","8,6","8,5","8,8","8,7",Mon Jun 15 2026 00:00:00 GMT+0000 (Coordinated Universal Time),2026,40,,Thalang,menee-5-min-na-mashine; 11-30-min-peshkom,3,do-30-min-na-mashine,27,77,Премиум,villa,net,,,,3-spalni; 4-spalni,566 014,,,,566 014 — 868 376,661 362 — 912 655,,,,260 — 430,280 — 470,"7,4%","13,6%",153%,https://maps.app.goo.gl/RYrjUVsjDP45oK7aA,https://www.google.com/maps/embed?pb=!1m18!1m12!1m3!1d3919.804394181726!2d98.29965240000001!3d8.0330222!2m3!1f0!2f0!3f0!3m2!1i1024!2i768!4f13.1!3m3!1m2!1s0x3050397f470659af%3A0x77bc44b08b6f2359!2sAILEEN%20VILLAS%20LAYAN!5e1!3m2!1sru!2sru!4v1739260472195!5m2!1sru!2sru,https://cdn.prod.website-files.com/672b5797ac1486cdfc5122ac/67aa547901731f1825113906_675f052bc3bc7be316d17fef_Exterior%252001.jpeg,https://cdn.prod.website-files.com/672b5797ac1486cdfc5122ac/67aa547a01731f182511390f_675f052f6879da4dadba5a2e_Exterior%252001-2.jpeg,https://cdn.prod.website-files.com/672b5797ac1486cdfc5122ac/67aa547a01731f182511391c_675f0532a71fc3ba4955cf0a_Exterior%252002.jpeg; https://cdn.prod.website-files.com/672b5797ac1486cdfc5122ac/67aa547a01731f182511392c_675f053479874b35a7e1f1f5_Interior%252001.png; https://cdn.prod.website-files.com/672b5797ac1486cdfc5122ac/67aa547a01731f182511392f_675f0537487e6c15b172a826_Interior%252010.png,,,,,,,https://cdn.prod.website-files.com/672b5797ac1486cdfc5122ac/67aa547a01731f1825113915_675f05206879da4dadba4e89_Masterplan.jpeg,500-000----1-000-000,
Aura Condominium,aura-condominium,67aa5457ac73e442cea4bc4a,672b5797ac1486cdfc512283,67aa547a7385d8bce4264e40,Mon Feb 10 2025 19:33:14 GMT+0000 (Coordinated Universal Time),Tue Feb 11 2025 08:20:57 GMT+0000 (Coordinated Universal Time),Tue Feb 11 2025 08:33:36 GMT+0000 (Coordinated Universal Time),The One Aura,"8,7","8,4","8,8","8,3","9,6",Fri Jul 31 2026 00:00:00 GMT+0000 (Coordinated Universal Time),2026,241,Phuket Town,,11-30-min-na-mashine,11,do-60-min-na-mashine,58,17,Премиум,kvartira,est,99,7,childrens-playground; coworking; grocery; gym-fitness-center,ctudiya; 1-spalnya; 2-spalni; 3-spalni,82 519,82 519 — 102 113,103 877 — 220 719,148 654 — 314 652,269 867 — 320 792,,29 — 30,37 — 75,50 — 82,96,,"6,2%","12,5%",140%,https://maps.app.goo.gl/U18auJbHLo1WKPsQ8,https://www.google.com/maps/embed?pb=!1m18!1m12!1m3!1d3878.2742934624785!2d104.9215207!3d11.565339300000002!2m3!1f0!2f0!3f0!3m2!1i1024!2i768!4f13.1!3m3!1m2!1s0x3109514755790d4d%3A0x3eee0a7dea93fd07!2sAura%20Condominium!5e1!3m2!1sru!2sru!4v1739260580657!5m2!1sru!2sru,https://cdn.prod.website-files.com/672b5797ac1486cdfc5122ac/67aa54797385d8bce4264e1c_675f09e6156f4295881b6062_7.jpeg,https://cdn.prod.website-files.com/672b5797ac1486cdfc5122ac/67aa54797385d8bce4264e14_675f09e9f604a7a85600680e_3.jpeg,https://cdn.prod.website-files.com/672b5797ac1486cdfc5122ac/67aa547a7385d8bce4264e2f_675f09ebfa47fa6400a0889f_8.jpeg; https://cdn.prod.website-files.com/672b5797ac1486cdfc5122ac/67aa54797385d8bce4264e25_675f09eeddcb91047384db60_BAR.jpeg; https://cdn.prod.website-files.com/672b5797ac1486cdfc5122ac/67aa54797385d8bce4264e2a_675f09f279874b35a7e64849_FITNESS2.jpeg,,,,,,,,100-000; 100-000----200-000; 200-000----500-000,samye-komfortnye-dlya-zhizni
Balco Bangtao Beach,balco-bangtao-beach,67aa5457ac73e442cea4bc4a,672b5797ac1486cdfc512283,67aa54844ca54fa0841765cb,Mon Feb 10 2025 19:33:24 GMT+0000 (Coordinated Universal Time),Tue Feb 11 2025 08:30:39 GMT+0000 (Coordinated Universal Time),Tue Feb 11 2025 08:33:36 GMT+0000 (Coordinated Universal Time),Origin Property,"8,5","9,4","7,5","8,5","8,7",Thu Jul 31 2025 00:00:00 GMT+0000 (Coordinated Universal Time),2025,35,,Thalang,11-30-min-na-mashine,12,do-60-min-na-mashine,37,31,Премиум,villa,net,,,,3-spalni; 4-spalni,1 134 759,,,,1 134 759 — 1 507 385,1 817 060 — 2 290 730,,,,355,490,"4,2%","10,0%",114%,https://maps.app.goo.gl/ZK58cBjDVG3oXnRc9,https://www.google.com/maps/embed?pb=!1m18!1m12!1m3!1d3920.2489359103015!2d98.2930914!3d7.9868482!2m3!1f0!2f0!3f0!3m2!1i1024!2i768!4f13.1!3m3!1m2!1s0x305039d30d11ffa5%3A0xf50c7d4b1e0c64d8!2sBalco%20Bangtao%20Beach!5e1!3m2!1sru!2sru!4v1739259451379!5m2!1sru!2sru,https://cdn.prod.website-files.com/672b5797ac1486cdfc5122ac/67aa54794ca54fa084175b7d_676017a984f82afeee3d5c90_S__21569561.jpeg,https://cdn.prod.website-files.com/672b5797ac1486cdfc5122ac/676017ad6c83cd73b9a75f24_Screenshot%202024-12-16%20at%2015.04.32.png,https://cdn.prod.website-files.com/672b5797ac1486cdfc5122ac/67aa547a4ca54fa084175ba2_676017c246cbc8d7f673b52d_Screenshot%25202024-12-16%2520at%252015.05.08.png; https://cdn.prod.website-files.com/672b5797ac1486cdfc5122ac/67aa547a4ca54fa084175b97_676017b884b2986d7094a95b_Screenshot%25202024-12-16%2520at%252015.04.54.png; https://cdn.prod.website-files.com/672b5797ac1486cdfc5122ac/67aa547a4ca54fa084175b9d_676017bb6b691d5a30f7804b_3-Bed%2520TYP%2520A.jpeg,,,,,,,https://cdn.prod.website-files.com/672b5797ac1486cdfc5122ac/67aa547a4ca54fa084175ba5_675f0e9c9a0b0363849da255_MASTERPLAN%2520(1).jpeg,ot-1-000-000,samye-bezopasnye-dlya-investiciy
Bamboo Forest,bamboo-forest,67aa5457ac73e442cea4bc4a,672b5797ac1486cdfc512283,67aa547a6beb9e4718c6a7ff,Mon Feb 10 2025 19:33:14 GMT+0000 (Coordinated Universal Time),Tue Feb 11 2025 08:20:02 GMT+0000 (Coordinated Universal Time),Tue Feb 11 2025 08:33:36 GMT+0000 (Coordinated Universal Time),Harmony Group,"8,9","8,3","9,3","9,0","9,1",Fri Dec 31 2027 00:00:00 GMT+0000 (Coordinated Universal Time),2027,135,,Thalang,11-30-min-peshkom; menee-5-min-na-mashine,3,do-30-min-na-mashine,27,60,Премиум,kvartira,est,270,7,gym-fitness-center; childrens-playground; coworking,ctudiya; 1-spalnya; 2-spalni; 3-spalni,161 862,161 862 — 249 746,235 223 — 364 289,290 928 — 1 070 833,525 453 — 534 251,,37 — 55,49 — 106,75 — 247,123 — 125,,"6,6%","13,5%",144%,https://maps.app.goo.gl/8cozbNbuNZQJ7XX28,https://www.google.com/maps/embed?pb=!1m17!1m12!1m3!1d3950.7073192239964!2d98.29831999999999!3d8.029083!2m3!1f0!2f0!3f0!3m2!1i1024!2i768!4f13.1!3m2!1m1!2zOMKwMDEnNDQuNyJOIDk4wrAxNyc1NC4wIkU!5e0!3m2!1sru!2sru!4v1739260433200!5m2!1sru!2sru,https://cdn.prod.website-files.com/672b5797ac1486cdfc5122ac/67aa547a6beb9e4718c6a697_67600f6898bbbacf6df91696_2.jpeg,https://cdn.prod.website-files.com/672b5797ac1486cdfc5122ac/67aa547a6beb9e4718c6a692_67600f6965c843b6815ce61e_5.jpeg,https://cdn.prod.website-files.com/672b5797ac1486cdfc5122ac/67aa547a6beb9e4718c6a6df_67600f6ce544023c96ae4e3a_7.jpeg; https://cdn.prod.website-files.com/672b5797ac1486cdfc5122ac/67aa547a6beb9e4718c6a6c3_67600f6fcb0c4ebb257301c9_12.jpeg; https://cdn.prod.website-files.com/672b5797ac1486cdfc5122ac/67aa547a6beb9e4718c6a6d8_67600f71863c2d3771e0886e_13.jpeg,,,,,,,,100-000----200-000; 200-000----500-000,samye-udobnye-lokacii; samye-komfortnye-dlya-zhizni
Botanica Hythe,botanica-hythe,67aa5457ac73e442cea4bc4a,672b5797ac1486cdfc512283,67aa547a066e082eac1e3b2c,Mon Feb 10 2025 19:33:14 GMT+0000 (Coordinated Universal Time),Tue Feb 11 2025 08:20:44 GMT+0000 (Coordinated Universal Time),Tue Feb 11 2025 08:33:36 GMT+0000 (Coordinated Universal Time),"Botanica Luxury Phuket Co.,ltd","9,0","9,8","8,0","9,0","9,1",Wed Dec 31 2025 00:00:00 GMT+0000 (Coordinated Universal Time),2025,288,,Thalang,6-10-min-na-mashine,5,do-30-min-na-mashine,24,55,Люкс,kvartira,net,,6,gym-fitness-center; childrens-playground; coworking,1-spalnya; 2-spalni; 3-spalni,321 039,,321 039 — 381 000,511 539 — 573 456,721 839 — 1 064 713,,,60,88 — 90,127 — 217,,"5,5%","11,9%",137%,https://maps.app.goo.gl/yCwN9ZkaB6QTpcD38,https://www.google.com/maps/embed?pb=!1m18!1m12!1m3!1d3919.890853065869!2d98.30543750000001!3d8.0240625!2m3!1f0!2f0!3f0!3m2!1i1024!2i768!4f13.1!3m3!1m2!1s0x3050392d0b0a609d%3A0xec70fa4bc53e24c8!2sBOTANICA%20The%20Valley!5e1!3m2!1sru!2sru!4v1739260543368!5m2!1sru!2sru,https://cdn.prod.website-files.com/672b5797ac1486cdfc5122ac/67aa5479066e082eac1e3ad7_6760135472cfd65d58c8ba4a_101.jpeg,https://cdn.prod.website-files.com/672b5797ac1486cdfc5122ac/67aa5479066e082eac1e3acf_67601356b6a10e9899abe5c1_Hythe-Common2.jpeg,https://cdn.prod.website-files.com/672b5797ac1486cdfc5122ac/67aa5479066e082eac1e3af3_67601359ac4d50ca22f217eb_Hythe-Common3.jpeg; https://cdn.prod.website-files.com/672b5797ac1486cdfc5122ac/67aa5479066e082eac1e3af8_6760135ca97c44f565049f87_2%2520Bed%2520Room_Master%2520Bed_02.jpeg; https://cdn.prod.website-files.com/672b5797ac1486cdfc5122ac/67aa547a066e082eac1e3b17_6760135e5fc3de8582fb87f0_2%2520Bed%2520Room_%2520Living%2520View_02.jpeg,,,,,,,,200-000----500-000; 500-000----1-000-000; ot-1-000-000,samye-bezopasnye-dlya-investiciy; samye-udobnye-lokacii; samye-komfortnye-dlya-zhizni
CANVAS Cherngtalay,canvas-cherngtalay,67aa5457ac73e442cea4bc4a,672b5797ac1486cdfc512283,67aa547b1828d0bec0ca39eb,Mon Feb 10 2025 19:33:15 GMT+0000 (Coordinated Universal Time),Tue Feb 11 2025 08:19:49 GMT+0000 (Coordinated Universal Time),Tue Feb 11 2025 08:33:36 GMT+0000 (Coordinated Universal Time),Sansiri,"9,0","9,7","8,0","9,0","9,1",Wed Jan 21 2026 00:00:00 GMT+0000 (Coordinated Universal Time),2026,175,,Thalang,menee-5-min-na-mashine,5,do-30-min-na-mashine,29,2,Премиум,kvartira,est,105,7,gym-fitness-center,1-spalnya; 2-spalni,175 107,,175 107 — 242 951,279 748 — 587 878,,,,39 — 50,59 — 105,,,"5,8%","11,5%",130%,https://maps.app.goo.gl/uZbfjfWJVHJpRBi36,https://www.google.com/maps/embed?pb=!1m18!1m12!1m3!1d3920.1241998893306!2d98.3055997!3d7.999831099999999!2m3!1f0!2f0!3f0!3m2!1i1024!2i768!4f13.1!3m3!1m2!1s0x3050390062c67ceb%3A0x22dc775849a3fb2e!2sCANVAS%20Cherngtalay!5e1!3m2!1sru!2sru!4v1739260397752!5m2!1sru!2sru,https://cdn.prod.website-files.com/672b5797ac1486cdfc5122ac/67aa547b1828d0bec0ca392f_675f1722fa47fa6400aabdd1_240717_SIRI_Entrance%2520View_final2-3.jpeg,https://cdn.prod.website-files.com/672b5797ac1486cdfc5122ac/67aa547a1828d0bec0ca3905_675f17253d5ef80a20426468_240807_SIRI_Overall_Building_Final.jpeg,https://cdn.prod.website-files.com/672b5797ac1486cdfc5122ac/67aa547b1828d0bec0ca39b7_675f172e25ddb6b5acd55927_SIRI_BBQ_final.jpeg; https://cdn.prod.website-files.com/672b5797ac1486cdfc5122ac/67aa547b1828d0bec0ca392c_675f1728b0486ab0bfde5a4a_INT_LOBBY_CO_WORKING_FINAL.jpeg; https://cdn.prod.website-files.com/672b5797ac1486cdfc5122ac/67aa547b1828d0bec0ca39b2_675f172bfa47fa6400aac38e_INT_MOCK%2520UP_60%2520SQ.M._LIVING_FINAL.jpeg,,,,,,,,100-000----200-000; 200-000----500-000; 500-000----1-000-000,samye-bezopasnye-dlya-investiciy; samye-udobnye-lokacii; samye-komfortnye-dlya-zhizni
Diamond Pool Villa,diamond-pool-villa,67aa5457ac73e442cea4bc4a,672b5797ac1486cdfc512283,67aa547bc0910f1904a40b6b,Mon Feb 10 2025 19:33:15 GMT+0000 (Coordinated Universal Time),Tue Feb 11 2025 08:19:38 GMT+0000 (Coordinated Universal Time),Tue Feb 11 2025 08:33:36 GMT+0000 (Coordinated Universal Time),"Gaona Phuket Co., Ltd","8,5","8,5","8,0","8,8","8,7",Thu Apr 30 2026 00:00:00 GMT+0000 (Coordinated Universal Time),2026,12,,Thalang,11-30-min-na-mashine,15,do-60-min-na-mashine,34,38,Премиум,villa,net,,2,,3-spalni,431 738,,,,431 738 — 491 693,,,,,216 — 226,,"5,5%","11,5%",129%,https://maps.app.goo.gl/n3eDVR1wXVwptQHv7,https://www.google.com/maps/embed?pb=!1m18!1m12!1m3!1d3920.257127125279!2d98.3241329!3d7.9859949!2m3!1f0!2f0!3f0!3m2!1i1024!2i768!4f13.1!3m3!1m2!1s0x305037ab71007ea1%3A0x37bb78293e903d85!2sDiamond%20Pool%20Villa!5e1!3m2!1sru!2sru!4v1739260356467!5m2!1sru!2sru,https://cdn.prod.website-files.com/672b5797ac1486cdfc5122ac/67aa547bc0910f1904a40ac0_675ef4efb0486ab0bfc276c8_Screenshot%25202024-12-15%2520at%252018.22.39.png,https://cdn.prod.website-files.com/672b5797ac1486cdfc5122ac/67aa547bc0910f1904a40ab9_675ef4f46879da4dadacf155_Screenshot%25202024-12-15%2520at%252018.23.02.png,https://cdn.prod.website-files.com/672b5797ac1486cdfc5122ac/67aa547bc0910f1904a40aec_675ef4fa0c561f84eb1a9d60_Screenshot%25202024-12-15%2520at%252018.23.18.png; https://cdn.prod.website-files.com/672b5797ac1486cdfc5122ac/67aa547bc0910f1904a40ade_675ef4f7573999701d0ceca3_Screenshot%25202024-12-15%2520at%252018.23.09.png; https://cdn.prod.website-files.com/672b5797ac1486cdfc5122ac/67aa547bc0910f1904a40aef_675ef54bc62a73bcfe794e63_Diamond-pool-villa-Type-A-19.jpeg; https://cdn.prod.website-files.com/672b5797ac1486cdfc5122ac/67aa547bc0910f1904a40acd_675ef5481226bad10c4d47e2_Diamond-pool-villa-Type-A-16.jpeg,,,,,,,https://cdn.prod.website-files.com/672b5797ac1486cdfc5122ac/67aa547bc0910f1904a40ab4_675ef3e625ddb6b5acba9b3a_Master%2520plan%2520file.jpeg,200-000----500-000,
Enigma Residence,enigma-residence,67aa5457ac73e442cea4bc4a,672b5797ac1486cdfc512283,67aa547c1ff2cfcf8b2e7498,Mon Feb 10 2025 19:33:16 GMT+0000 (Coordinated Universal Time),Tue Feb 11 2025 08:18:58 GMT+0000 (Coordinated Universal Time),Tue Feb 11 2025 08:33:36 GMT+0000 (Coordinated Universal Time),East Wind Thai,"8,5","7,6","8,8","8,5","9,1",Thu Dec 31 2026 00:00:00 GMT+0000 (Coordinated Universal Time),2026,164,,Phuket Town,11-30-min-peshkom; menee-5-min-na-mashine,1,do-60-min-na-mashine,60,60,Премиум,kvartira,est,90,7,gym-fitness-center; coworking,ctudiya; 1-spalnya; 2-spalni,110 341,110 341 — 161 993,115 822 — 385 160,228 555 — 446 134,,,35,37 — 72,64 — 97,,,"6,1%","12,4%",136%,https://maps.app.goo.gl/kukdfWhUKA8jGskH9,https://www.google.com/maps/embed?pb=!1m18!1m12!1m3!1d3921.9002128472825!2d98.33940899999999!3d7.8129586!2m3!1f0!2f0!3f0!3m2!1i1024!2i768!4f13.1!3m3!1m2!1s0x30502965413870c3%3A0xd94b6716ba1c1022!2sEnigma%20Residence!5e1!3m2!1sru!2sru!4v1739260203732!5m2!1sru!2sru,https://cdn.prod.website-files.com/672b5797ac1486cdfc5122ac/67aa547b1ff2cfcf8b2e73ac_675f088a3a136e7b24f294c1_1.jpeg,https://cdn.prod.website-files.com/672b5797ac1486cdfc5122ac/67aa547b1ff2cfcf8b2e73ba_675f088fe54de359f9b4cb76_04%2520(5).png,https://cdn.prod.website-files.com/672b5797ac1486cdfc5122ac/67aa547b1ff2cfcf8b2e73db_675f0891409fd86e8aa2be2c_04.png; https://cdn.prod.website-files.com/672b5797ac1486cdfc5122ac/67aa547b1ff2cfcf8b2e73b0_675f0895487e6c15b1753a24_06%2520(1).png; https://cdn.prod.website-files.com/672b5797ac1486cdfc5122ac/67aa547b1ff2cfcf8b2e73c8_6764677c8234053b2645c162_09.png; https://cdn.prod.website-files.com/672b5797ac1486cdfc5122ac/67aa547b1ff2cfcf8b2e73a2_675f089bd95bf5ffe06eb6ee_10%2520(1).png,,,,,,,,100-000----200-000; 200-000----500-000,samye-komfortnye-dlya-zhizni
Gardens of Eden - Eden Residence,gardens-of-eden---eden-residence,67aa5457ac73e442cea4bc4a,672b5797ac1486cdfc512283,67aa547ca35c6f2a2ef85ded,Mon Feb 10 2025 19:33:16 GMT+0000 (Coordinated Universal Time),Tue Feb 11 2025 08:18:35 GMT+0000 (Coordinated Universal Time),Tue Feb 11 2025 08:33:36 GMT+0000 (Coordinated Universal Time),Amal group,"9,2","8,6","8,8","9,5",10,Thu Dec 31 2026 00:00:00 GMT+0000 (Coordinated Universal Time),2026,141,,Thalang,menee-5-minut-peshkom; menee-5-min-na-mashine,1,do-30-min-na-mashine,27,61,Люкс,kvartira,est,141,4,gym-fitness-center; childrens-playground; grocery; coworking,2-spalni; 3-spalni; 4-spalni,530 962,,,530 962 — 625 754,767 535 — 1 250 408,1 298 030 — 1 809 557,,,72 — 75,105 — 158,179 — 230,"6,4%","12,7%",139%,https://maps.app.goo.gl/eghe5ERJZdDxKtSKA,https://www.google.com/maps/embed?pb=!1m18!1m12!1m3!1d3919.8927500968252!2d98.2917994!3d8.0238658!2m3!1f0!2f0!3f0!3m2!1i1024!2i768!4f13.1!3m3!1m2!1s0x30503912549fccdf%3A0xca5725ffb9450!2sGardens%20of%20Eden!5e1!3m2!1sru!2sru!4v1739260166424!5m2!1sru!2sru,https://cdn.prod.website-files.com/672b5797ac1486cdfc5122ac/67aa547ca35c6f2a2ef85dae_676019949b86360f06eab414_Screenshot%25202024-12-16%2520at%252015.13.32.png,https://cdn.prod.website-files.com/672b5797ac1486cdfc5122ac/67aa547bd4de5ffa178669c2_676018c8e9864eae0d406e7e_Aerial-view.jpeg,https://cdn.prod.website-files.com/672b5797ac1486cdfc5122ac/67aa547bd4de5ffa178669bf_676018c58c9753c34f800000_River-View.jpeg; https://cdn.prod.website-files.com/672b5797ac1486cdfc5122ac/67aa547ca35c6f2a2ef85dc1_676019a0d3b4b77941720785_Rendering-4BR_Master-Bedroom.jpeg; https://cdn.prod.website-files.com/672b5797ac1486cdfc5122ac/67aa547ca35c6f2a2ef85dc5_6760199d6d10704812f5a239_1BR-LIVING-VIEW-1.jpeg,,,,,,,,500-000----1-000-000; ot-1-000-000,samye-udobnye-lokacii; samye-komfortnye-dlya-zhizni
Gardens of Eden - Park Residence,gardens-of-eden---park-residence,67aa5457ac73e442cea4bc4a,672b5797ac1486cdfc512283,67aa547cd4de5ffa178669ee,Mon Feb 10 2025 19:33:16 GMT+0000 (Coordinated Universal Time),Tue Feb 11 2025 08:19:24 GMT+0000 (Coordinated Universal Time),Tue Feb 11 2025 08:33:36 GMT+0000 (Coordinated Universal Time),Amal group,"9,2","8,6","9,0","9,5","9,9",Thu Dec 31 2026 00:00:00 GMT+0000 (Coordinated Universal Time),2026,375,,Thalang,menee-5-min-na-mashine; menee-5-minut-peshkom,1,do-30-min-na-mashine,27,61,Премиум,kvartira,est,375,7,childrens-playground; coworking; grocery; gym-fitness-center,1-spalnya; 2-spalni; 3-spalni; 4-spalni,287 430,,287 430 — 404 635,458 382 — 1 086 973,683 662 — 1 626 997,1 448 641 — 1 448 641,,47 — 63,79 — 129,122 — 194,220,"8,2%","14,4%",159%,https://maps.app.goo.gl/eghe5ERJZdDxKtSKA,https://www.google.com/maps/embed?pb=!1m18!1m12!1m3!1d3919.8927500968252!2d98.2917994!3d8.0238658!2m3!1f0!2f0!3f0!3m2!1i1024!2i768!4f13.1!3m3!1m2!1s0x30503912549fccdf%3A0xca5725ffb9450!2sGardens%20of%20Eden!5e1!3m2!1sru!2sru!4v1739260312032!5m2!1sru!2sru,https://cdn.prod.website-files.com/672b5797ac1486cdfc5122ac/67aa547bd4de5ffa178669bf_676018c58c9753c34f800000_River-View.jpeg,https://cdn.prod.website-files.com/672b5797ac1486cdfc5122ac/67aa547bd4de5ffa178669c2_676018c8e9864eae0d406e7e_Aerial-view.jpeg,https://cdn.prod.website-files.com/672b5797ac1486cdfc5122ac/67aa547bd4de5ffa178669c8_676018dea247d690a6c797b8_Room-Render-2.jpeg; https://cdn.prod.website-files.com/672b5797ac1486cdfc5122ac/67aa547cd4de5ffa178669e1_676018dd8afd694fccf4b779_Room-Render.jpeg; https://cdn.prod.website-files.com/672b5797ac1486cdfc5122ac/67aa547bd4de5ffa178669cf_676018dcb04182203d5344a7_Welness-view-2.jpeg,,,,,,,,200-000----500-000; 500-000----1-000-000; ot-1-000-000,naibolshaya-dohodnost; samye-udobnye-lokacii; samye-komfortnye-dlya-zhizni
Garrya Residences,garrya-residences,67aa5457ac73e442cea4bc4a,672b5797ac1486cdfc512283,67aa547c2951dfc413f44e27,Mon Feb 10 2025 19:33:16 GMT+0000 (Coordinated Universal Time),Tue Feb 11 2025 08:19:13 GMT+0000 (Coordinated Universal Time),Tue Feb 11 2025 08:33:36 GMT+0000 (Coordinated Universal Time),Laguna Property,"9,3","9,8","8,3","9,5","9,6",Thu Dec 31 2026 00:00:00 GMT+0000 (Coordinated Universal Time),2026,38,,Thalang,menee-5-minut-peshkom; menee-5-min-na-mashine,1,do-60-min-na-mashine,31,25,Люкс,kvartira,net,,4,childrens-playground; coworking; gym-fitness-center,2-spalni,986 916,,,986 916 — 2 073 074,,,,,113 — 220,,,"5,3%","11,6%",127%,https://maps.app.goo.gl/Tmf8QeRPLcDdEKRKA,https://www.google.com/maps/embed?pb=!1m17!1m12!1m3!1d3920.193592444926!2d98.2920833!3d7.9926111!2m3!1f0!2f0!3f0!3m2!1i1024!2i768!4f13.1!3m2!1m1!2zN8KwNTknMzMuNCJOIDk4wrAxNyczMS41IkU!5e1!3m2!1sru!2sru!4v1739260272032!5m2!1sru!2sru,https://cdn.prod.website-files.com/672b5797ac1486cdfc5122ac/67aa547c2951dfc413f44dfa_676015193e8ace90995e543f_Aerial_01.jpeg,https://cdn.prod.website-files.com/672b5797ac1486cdfc5122ac/67aa547c2951dfc413f44df7_6760151cb98478e78011751a_Exterior_01.jpeg,https://cdn.prod.website-files.com/672b5797ac1486cdfc5122ac/67aa547c2951dfc413f44e10_6760151f4a826f0436ec575e_Beach%2520club_02.jpeg; https://cdn.prod.website-files.com/672b5797ac1486cdfc5122ac/67aa547c2951dfc413f44e08_676015210f8658c7096c798b_Living%2520%2526%2520dining_02.jpeg; https://cdn.prod.website-files.com/672b5797ac1486cdfc5122ac/67aa547c2951dfc413f44e0c_67601525620206762c31360c_Master%2520bedroom.jpeg,,,,,,,https://cdn.prod.website-files.com/672b5797ac1486cdfc5122ac/67aa547c2951dfc413f44e05_67601528c0f57168a75823c8_Laguna%2520Generic-Master%2520plan-RU-230124.jpeg,ot-1-000-000; 500-000----1-000-000,samye-bezopasnye-dlya-investiciy; samye-udobnye-lokacii; samye-komfortnye-dlya-zhizni
Hennessy Residence,hennessy-residence,67aa5457ac73e442cea4bc4a,672b5797ac1486cdfc512283,67aa547d701a9382a7115750,Mon Feb 10 2025 19:33:17 GMT+0000 (Coordinated Universal Time),Tue Feb 11 2025 08:18:22 GMT+0000 (Coordinated Universal Time),Tue Feb 11 2025 08:33:36 GMT+0000 (Coordinated Universal Time),Art House Group,"9,0","9,1","8,5","9,0","9,6",Sat Jan 31 2026 00:00:00 GMT+0000 (Coordinated Universal Time),2026,297,,Phuket Town,menee-5-minut-peshkom; menee-5-min-na-mashine,1,do-60-min-na-mashine,60,60,Премиум,kvartira,net,,5,gym-fitness-center; coworking,1-spalnya,273 787,,273 787 — 323 828,,,,,47,,,,"6,3%","12,0%",135%,https://maps.app.goo.gl/SShdc7BRJs18diqM9,https://www.google.com/maps/embed?pb=!1m18!1m12!1m3!1d3921.5046641818635!2d98.2922316!3d7.8549606999999995!2m3!1f0!2f0!3f0!3m2!1i1024!2i768!4f13.1!3m3!1m2!1s0x3050250039ffff5d%3A0xfe3554e01dafec06!2sHennessy%20Residence%20by%20Arthouse!5e1!3m2!1sru!2sru!4v1739260121952!5m2!1sru!2sru,https://cdn.prod.website-files.com/672b5797ac1486cdfc5122ac/67aa547c701a9382a7115702_675ef7580c561f84eb1c46e0_Hennessy_14.jpeg,https://cdn.prod.website-files.com/672b5797ac1486cdfc5122ac/67aa547c701a9382a711570a_675ef764e2ebe46fa26339af_Hennessy_1.jpeg,https://cdn.prod.website-files.com/672b5797ac1486cdfc5122ac/67aa547c701a9382a7115724_675ef76cf796b5690d585800_Hennessy_11.jpeg; https://cdn.prod.website-files.com/672b5797ac1486cdfc5122ac/67aa547c701a9382a7115705_675ef76fbafd3313d529fd9e_Dining%2520Area%25201-%252094sqm.jpeg; https://cdn.prod.website-files.com/672b5797ac1486cdfc5122ac/67aa547c701a9382a711570d_675ef774072fd7f54b31be50_Bedroom%25201%2520-%252094%2520sqm.jpeg,,,,"Этот современный кондоминиум с неповторимым стилем пленяет с первой секунды свой уютной атмосферой и ощущением абсолютной безмятежности. Вдохновляясь окружающим экзотическим пейзажем, наша команда архитекторов смогла создать простое, но при этом ни на что не похожее здание со своим собственным уникальным характером.","Стиль Palmetto – это традиционные формы азиатской архитектуры, утопающие в зелени и буйстве натуральных красок. При разработке проекта дизайнеры вдохновлялись идеей жизни в оазисе. Смелые дизайнерские решения позволили создать теплую и умиротворенную атмосферу, схожую с той, что ощущаешь на лоне природы.","Виллы «Пятого элемента» - это непревзойденный комфорт и уединение в тщательно продуманной уютной и атмосферной обстановке. Эксклюзивный проект класса люкс располагаются на лоне прекрасной и безмятежной природы: здесь есть озера и деревья, атмосфера роскоши и спокойствия, закрытый торговый центр для покупок, посещения ресторанов и развлечений, изысканные спа-салоны и процедуры, близлежащий пляж Банг-Тао известен своей люксовой инфраструктурой и природной чистотой.",https://cdn.prod.website-files.com/672b5797ac1486cdfc5122ac/67aa547c701a9382a7115711_675ef83f5e7d150b89edca90_Master%2520Plan%2520(1).jpeg,200-000----500-000,samye-bezopasnye-dlya-investiciy; samye-udobnye-lokacii; samye-komfortnye-dlya-zhizni
Laguna Beach Residences Bayside,laguna-beach-residences-bayside,67aa5457ac73e442cea4bc4a,672b5797ac1486cdfc512283,67aa548602740c42abf52acc,Mon Feb 10 2025 19:33:26 GMT+0000 (Coordinated Universal Time),Tue Feb 11 2025 08:10:21 GMT+0000 (Coordinated Universal Time),Tue Feb 11 2025 08:33:36 GMT+0000 (Coordinated Universal Time),Banyan Group Residences,"9,3","9,5","9,0","9,5","9,3",Sun Dec 31 2028 00:00:00 GMT+0000 (Coordinated Universal Time),2028,237,,Thalang,menee-5-minut-peshkom; menee-5-min-na-mashine,1,do-60-min-na-mashine,37,26,Люкс,kvartira,est,185,6,childrens-playground; coworking; gym-fitness-center,2-spalni; 3-spalni,661 006,,,661 006 — 1 511 641,868 829 — 2 552 933,,,,113 — 209,158 — 258,,"5,1%","13,1%",136%,https://maps.app.goo.gl/J5GmoggjDSWPW4sx9,https://www.google.com/maps/embed?pb=!1m17!1m12!1m3!1d3950.9810870316273!2d98.29261677500722!3d8.00088689202498!2m3!1f0!2f0!3f0!3m2!1i1024!2i768!4f13.1!3m2!1m1!2zOMKwMDAnMDMuMiJOIDk4wrAxNyc0Mi43IkU!5e0!3m2!1sru!2sru!4v1739259013841!5m2!1sru!2sru,https://cdn.prod.website-files.com/672b5797ac1486cdfc5122ac/67aa547c02740c42abf52609_675f0debfa47fa6400a3c65a_Exterior_03.jpeg,https://cdn.prod.website-files.com/672b5797ac1486cdfc5122ac/67aa547c02740c42abf52603_675f0df231c07409ad381fe3_Penthouse_02.jpeg,https://cdn.prod.website-files.com/672b5797ac1486cdfc5122ac/67aa547c02740c42abf5260f_675f0df5fa47fa6400a3ccc4_2%2520Bedroom.jpeg; https://cdn.prod.website-files.com/672b5797ac1486cdfc5122ac/67aa547c02740c42abf52606_675f0deed118cc5e4244bbe5_Exterior_05.jpeg,,,,,,,https://cdn.prod.website-files.com/672b5797ac1486cdfc5122ac/67aa547c02740c42abf525fc_675f0dfd76a702638810a7b9_Laguna%2520Generic-Master%2520plan-14%2520Nov%25202024-EN.jpeg,500-000----1-000-000; ot-1-000-000,naibolshaya-dohodnost; samye-bezopasnye-dlya-investiciy; samye-komfortnye-dlya-zhizni; samye-udobnye-lokacii
Laguna Lakelands - Lakeview Residences,laguna-lakelands---lakeview-residences,67aa5457ac73e442cea4bc4a,672b5797ac1486cdfc512283,67aa547d24834e6707ac33c5,Mon Feb 10 2025 19:33:17 GMT+0000 (Coordinated Universal Time),Tue Feb 11 2025 08:18:10 GMT+0000 (Coordinated Universal Time),Tue Feb 11 2025 08:33:36 GMT+0000 (Coordinated Universal Time),Banyan Group Residences,"9,0","9,8","8,5","8,8","8,9",Fri Jul 31 2026 00:00:00 GMT+0000 (Coordinated Universal Time),2026,306,,Thalang,6-10-min-na-mashine,9,do-30-min-na-mashine,20,57,Премиум,kvartira,net,,7,gym-fitness-center; childrens-playground,1-spalnya; 2-spalni; 3-spalni,245 349,,245 349 — 403 591,359 375 — 654 990,682 647 — 1 136 921,,,48 — 68,70 — 114,122 — 260,,"5,7%","12,1%",135%,https://maps.app.goo.gl/kMLWzjtVZMVycia99,https://www.google.com/maps/embed?pb=!1m17!1m12!1m3!1d4547.512093889672!2d98.308493!3d8.021633999999999!2m3!1f0!2f0!3f0!3m2!1i1024!2i768!4f13.1!3m2!1m1!2zOMKwMDEnMTcuOSJOIDk4wrAxOCczMC42IkU!5e1!3m2!1sru!2sru!4v1739260082101!5m2!1sru!2sru,https://cdn.prod.website-files.com/672b5797ac1486cdfc5122ac/67aa547c24834e6707ac3339_675f0c8f487e6c15b1786985_23102_107_Aerial_over_lake.jpeg,https://cdn.prod.website-files.com/672b5797ac1486cdfc5122ac/67aa547c24834e6707ac333d_675f0c910c561f84eb2ede51_23109_100_hiking_001.jpeg,https://cdn.prod.website-files.com/672b5797ac1486cdfc5122ac/67aa547c24834e6707ac3341_675f0c93b49657a34b0f0d61_23109_127_Market.jpeg; https://cdn.prod.website-files.com/672b5797ac1486cdfc5122ac/67aa547d24834e6707ac3347_675f0c95937324a159907285__2Bedroom_Dining_2.jpeg; https://cdn.prod.website-files.com/672b5797ac1486cdfc5122ac/67aa547d24834e6707ac336b_675f0c995e7d150b89fdbd1a__1Bed_masterbed_2.jpeg,,,,,,,https://cdn.prod.website-files.com/672b5797ac1486cdfc5122ac/67aa547d24834e6707ac335a_675f0c9d41c3cbd6e1716d22_Laguna%2520Lakelands-Master%2520plan-6Dec2023-RU.jpeg,200-000----500-000; 500-000----1-000-000; ot-1-000-000,samye-bezopasnye-dlya-investiciy
Laguna Lakelands - Waterfront Villas,laguna-lakelands---waterfront-villas,67aa5457ac73e442cea4bc4a,672b5797ac1486cdfc512283,67aa547d33f0aa220ae09b01,Mon Feb 10 2025 19:33:17 GMT+0000 (Coordinated Universal Time),Tue Feb 11 2025 08:17:58 GMT+0000 (Coordinated Universal Time),Tue Feb 11 2025 08:33:36 GMT+0000 (Coordinated Universal Time),Banyan Group Residences,"8,9","9,7","8,0","8,8","9,1",Mon Jun 15 2026 00:00:00 GMT+0000 (Coordinated Universal Time),2026,14,,Thalang,6-10-min-na-mashine,9,do-30-min-na-mashine,20,57,Люкс,villa,net,,,childrens-playground; gym-fitness-center,4-spalni,1 906 632,,,,,1 906 632 — 2 325 447,,,,,558,"5,4%","11,7%",131%,https://maps.app.goo.gl/bgdzhYpiqSn5fFaE8,https://www.google.com/maps/embed?pb=!1m13!1m8!1m3!1d3919.910838526517!2d98.3060451!3d8.02199!3m2!1i1024!2i768!4f13.1!3m2!1m1!2zOMKwMDEnMTkuMiJOIDk4wrAxOCczMS4wIkU!5e1!3m2!1sru!2sru!4v1739260041019!5m2!1sru!2sru,https://cdn.prod.website-files.com/672b5797ac1486cdfc5122ac/67aa547c24834e6707ac3339_675f0c8f487e6c15b1786985_23102_107_Aerial_over_lake.jpeg,https://cdn.prod.website-files.com/672b5797ac1486cdfc5122ac/67aa547c24834e6707ac333d_675f0c910c561f84eb2ede51_23109_100_hiking_001.jpeg,https://cdn.prod.website-files.com/672b5797ac1486cdfc5122ac/67aa547c24834e6707ac3341_675f0c93b49657a34b0f0d61_23109_127_Market.jpeg; https://cdn.prod.website-files.com/672b5797ac1486cdfc5122ac/67aa547d33f0aa220ae09ac6_675f0fe5a71fc3ba495de672_23109_122_Waterfront_Villa_Pool.jpeg; https://cdn.prod.website-files.com/672b5797ac1486cdfc5122ac/67aa547d33f0aa220ae09ad7_675f0fe7321ce7c467ced48f_23102_211_Villa_Living.jpeg,,,,,,,https://cdn.prod.website-files.com/672b5797ac1486cdfc5122ac/67aa547d24834e6707ac335a_675f0c9d41c3cbd6e1716d22_Laguna%2520Lakelands-Master%2520plan-6Dec2023-RU.jpeg,ot-1-000-000,samye-bezopasnye-dlya-investiciy; samye-komfortnye-dlya-zhizni
Laguna Lakeside 2,laguna-lakeside-2,67aa5457ac73e442cea4bc4a,672b5797ac1486cdfc512283,67aa547e1ff2cfcf8b2e7591,Mon Feb 10 2025 19:33:18 GMT+0000 (Coordinated Universal Time),Tue Feb 11 2025 08:17:46 GMT+0000 (Coordinated Universal Time),Tue Feb 11 2025 08:33:36 GMT+0000 (Coordinated Universal Time),Laguna Property,"9,0","9,6","8,8","8,8","8,9",Tue Nov 30 2027 00:00:00 GMT+0000 (Coordinated Universal Time),2027,180,,Thalang,6-10-min-na-mashine,9,do-30-min-na-mashine,20,57,Премиум,kvartira,net,,7,gym-fitness-center; childrens-playground,1-spalnya; 2-spalni; 3-spalni,309 236,,309 236 — 389 777,531 653 — 668 720,863 611 — 964 946,,,56 — 57,84 — 85,114,,"4,8%","12,2%",132%,https://maps.app.goo.gl/dVeTsEp2YwJY1xYH9,https://www.google.com/maps/embed?pb=!1m13!1m8!1m3!1d7840.324314513179!2d98.2983595!3d7.9958826!3m2!1i1024!2i768!4f13.1!3m2!1m1!2zN8KwNTknNDUuNiJOIDk4wrAxOCcwNC4zIkU!5e1!3m2!1sru!2sru!4v1739260000757!5m2!1sru!2sru,https://cdn.prod.website-files.com/672b5797ac1486cdfc5122ac/67aa547d1ff2cfcf8b2e7545_675f0b68cf546772e8427e98_24109_104_Entrance_Hi-res.jpeg,https://cdn.prod.website-files.com/672b5797ac1486cdfc5122ac/67aa547d1ff2cfcf8b2e754a_675f0b6a409fd86e8aa510fb_24109_106_Rooftop_Pool_Hero.jpeg,https://cdn.prod.website-files.com/672b5797ac1486cdfc5122ac/67aa547d1ff2cfcf8b2e755d_675f0b74bee91b289f801a2b_BEDROOM_ONE_BEDROOM.jpeg; https://cdn.prod.website-files.com/672b5797ac1486cdfc5122ac/67aa547d1ff2cfcf8b2e7564_675f0b71f604a7a856019e3e_LIVING_ONE_BEDROOM%2520(1).jpeg; https://cdn.prod.website-files.com/672b5797ac1486cdfc5122ac/67aa547d1ff2cfcf8b2e755a_675f0b6e61501c774691a5b3_LS_landscape.jpeg,,,,,,,https://cdn.prod.website-files.com/672b5797ac1486cdfc5122ac/67aa547d1ff2cfcf8b2e7555_675f0b7af604a7a85601a7b0_Laguna%2520Generic-Master%2520plan-2Sep2024-RU.jpeg,200-000----500-000; 500-000----1-000-000,samye-bezopasnye-dlya-investiciy
Laya Resort,laya-resort,67aa5457ac73e442cea4bc4a,672b5797ac1486cdfc512283,67aa547e216a9284e2d39be0,Mon Feb 10 2025 19:33:18 GMT+0000 (Coordinated Universal Time),Tue Feb 11 2025 08:17:17 GMT+0000 (Coordinated Universal Time),Tue Feb 11 2025 08:33:36 GMT+0000 (Coordinated Universal Time),JWP,"9,0","9,2","8,5","9,5","9,0",Tue Dec 30 2025 00:00:00 GMT+0000 (Coordinated Universal Time),2025,533,,Thalang,11-30-min-peshkom; menee-5-min-na-mashine,1,do-30-min-na-mashine,24,60,Премиум,kvartira,net,,,gym-fitness-center; childrens-playground,ctudiya; 1-spalnya; 2-spalni,118 302,118 302 — 155 284,190 675 — 276 226,381 761 — 474 751,,,24-26,35-50,71-75,,,"5,5%","13,6%",163%,https://maps.app.goo.gl/KHLWPuihFUhHzxWaA,https://www.google.com/maps/embed?pb=!1m14!1m8!1m3!1d3919.8446803129777!2d98.2924678!3d8.0288486!3m2!1i1024!2i768!4f13.1!3m3!1m2!1s0x3050381617f5ec25%3A0xe21f4757e2d0bf75!2sLaya%20Resort%20Phuket%20Island!5e1!3m2!1sru!2sru!4v1739259957379!5m2!1sru!2sru,https://cdn.prod.website-files.com/672b5797ac1486cdfc5122ac/67aa547d216a9284e2d39b79_675f01dcb0486ab0bfccf136_7.jpeg,https://cdn.prod.website-files.com/672b5797ac1486cdfc5122ac/67aa547d216a9284e2d39b7d_675f01e00c561f84eb252d4d_4.jpeg,https://cdn.prod.website-files.com/672b5797ac1486cdfc5122ac/67aa547e216a9284e2d39b90_675f01e5528dc10719293fa2_I%25E6%25A0%258B%25E6%25A0%25B7%25E6%259D%25BF%25E9%2597%25B4%25E6%2595%2588%25E6%259E%259C%25E5%259B%25BE%2520(3).jpeg; https://cdn.prod.website-files.com/672b5797ac1486cdfc5122ac/67aa547e216a9284e2d39ba7_675f01e2b49657a34b06d1a5_2.jpeg; https://cdn.prod.website-files.com/672b5797ac1486cdfc5122ac/67aa547e216a9284e2d39b9b_675f01e8072fd7f54b39c494_2%2520copy.jpeg,,,,,,,https://cdn.prod.website-files.com/672b5797ac1486cdfc5122ac/67aa547e216a9284e2d39ba1_675f01eefa47fa640099e4d8_Master%2520Plan-%2520Phase%25201%25262-Laya%2520Resort%2520.jpeg,100-000----200-000; 200-000----500-000,samye-bezopasnye-dlya-investiciy; samye-udobnye-lokacii; samye-komfortnye-dlya-zhizni
Monetaria Villas,monetaria-villas,67aa5457ac73e442cea4bc4a,672b5797ac1486cdfc512283,67aa547fc0910f1904a40d01,Mon Feb 10 2025 19:33:19 GMT+0000 (Coordinated Universal Time),Tue Feb 11 2025 08:16:48 GMT+0000 (Coordinated Universal Time),Tue Feb 11 2025 08:33:36 GMT+0000 (Coordinated Universal Time),"ABC Developer Co., Ltd.","8,6","8,3","8,3","8,5","9,3",Wed Apr 30 2025 00:00:00 GMT+0000 (Coordinated Universal Time),2025,35,,Phuket Town,11-30-min-peshkom; menee-5-min-na-mashine,2,60-min-na-mashine,64,16,Премиум,villa,net,,1,gym-fitness-center; coworking,3-spalni; 4-spalni,621 384,,,,621 384 — 862 559,761 009 — 1 040 380,,,,274,375,"6,7%","12,3%",137%,https://maps.app.goo.gl/N9c4VxnvHppc3uWf8,https://www.google.com/maps/embed?pb=!1m18!1m12!1m3!1d3922.2029167920873!2d98.33067989999999!3d7.780663199999999!2m3!1f0!2f0!3f0!3m2!1i1024!2i768!4f13.1!3m3!1m2!1s0x30502980e111785d%3A0x9e15c22a02ff3e0c!2sMonetaria%20Villas!5e1!3m2!1sru!2sru!4v1739259888429!5m2!1sru!2sru,https://cdn.prod.website-files.com/672b5797ac1486cdfc5122ac/67aa547dc0910f1904a40c46_675f0342cd722f46814a5336_A1_re%2520copy.jpeg,https://cdn.prod.website-files.com/672b5797ac1486cdfc5122ac/67aa547dc0910f1904a40c42_675f0345409fd86e8a9e63ea_96622_0.jpeg,https://cdn.prod.website-files.com/672b5797ac1486cdfc5122ac/67aa547ec0910f1904a40c5e_675f034941c3cbd6e169f00a_B-IN-1_.jpeg; https://cdn.prod.website-files.com/672b5797ac1486cdfc5122ac/67aa547ec0910f1904a40c5b_675f034b3a136e7b24ee7e86_TYPE%2520A-LIVING%2520ROOM-01.png; https://cdn.prod.website-files.com/672b5797ac1486cdfc5122ac/67aa547ec0910f1904a40c7b_675f034ef796b5690d61c3ee_TYPE%2520A-MASTER%2520BEDROOM-02.png,,,,,,,https://cdn.prod.website-files.com/672b5797ac1486cdfc5122ac/67aa547dc0910f1904a40c51_675f03370eafc1c0240616aa_Monetaria%2520Villa_Master%2520plan_240902.jpeg,500-000----1-000-000; ot-1-000-000,samye-komfortnye-dlya-zhizni
Mutti Family Villas,mutti-family-villas,67aa5457ac73e442cea4bc4a,672b5797ac1486cdfc512283,67aa547f443680c48388993d,Mon Feb 10 2025 19:33:19 GMT+0000 (Coordinated Universal Time),Tue Feb 11 2025 08:16:20 GMT+0000 (Coordinated Universal Time),Tue Feb 11 2025 08:33:36 GMT+0000 (Coordinated Universal Time),Mutti developing Co,"8,5","8,2","8,0","8,5","9,3",Mon Dec 15 2025 00:00:00 GMT+0000 (Coordinated Universal Time),2025,37,,Phuket Town,11-30-min-na-mashine,18,do-60-min-na-mashine,50,21,Премиум,villa,net,,3,childrens-playground; grocery; gym-fitness-center,2-spalni; 3-spalni; 4-spalni,349 397,,,349 397 — 365 606,544 021 — 622 992,818 956 — 1 184 562,,,134,183,241 — 343,"4,6%","11,0%",126%,https://maps.app.goo.gl/5BS8oBWQfB1MpUjaA,https://www.google.com/maps/embed?pb=!1m18!1m12!1m3!1d3921.587901002281!2d98.33104259999999!3d7.846140600000001!2m3!1f0!2f0!3f0!3m2!1i1024!2i768!4f13.1!3m3!1m2!1s0x30503784627377e1%3A0x871a8f7968e205ca!2sMutti%20Family%20Villas!5e1!3m2!1sru!2sru!4v1739259852934!5m2!1sru!2sru,https://cdn.prod.website-files.com/672b5797ac1486cdfc5122ac/67aa547f443680c48388989d_675efe0ed9a570a89e428e8a_01-b.jpeg,https://cdn.prod.website-files.com/672b5797ac1486cdfc5122ac/67aa547f443680c483889899_675efe1125ff5aab4c640863_02%2520(1).jpeg,https://cdn.prod.website-files.com/672b5797ac1486cdfc5122ac/67aa547f443680c483889901_675efe18a93179f4bcb8712f_Azure_Japandi_Still_Master%2520bedroom.jpeg; https://cdn.prod.website-files.com/672b5797ac1486cdfc5122ac/67aa547f443680c483889907_675efe151b6bcbf650a26fb8_Azure_Japandi_Still_Livingroom%2520and%2520kitchen.jpeg; https://cdn.prod.website-files.com/672b5797ac1486cdfc5122ac/67aa547f443680c4838898fc_675efebc594137306532bdc7_05.jpeg,,,,,,,https://cdn.prod.website-files.com/672b5797ac1486cdfc5122ac/67aa547f443680c483889915_675efddab49657a34b039dcc_1_Master%2520plan%2520aerial%2520view%2520full%2520size_b%2520(1)-min.jpeg,200-000----500-000; 500-000----1-000-000; ot-1-000-000,samye-komfortnye-dlya-zhizni
Pier22,pier22,67aa5457ac73e442cea4bc4a,672b5797ac1486cdfc512283,67aa548126d442d223aaa0d2,Mon Feb 10 2025 19:33:21 GMT+0000 (Coordinated Universal Time),Tue Feb 11 2025 08:14:38 GMT+0000 (Coordinated Universal Time),,Star Beach Property,"9,0","8,2","9,5","9,3","9,0",Sat Oct 31 2026 00:00:00 GMT+0000 (Coordinated Universal Time),2026,144,,Thalang,menee-5-min-na-mashine,4,do-60-min-na-mashine,36,49,Премиум,kvartira,est,62,8,gym-fitness-center; coworking; childrens-playground,1-spalnya; 2-spalni,103 469,,103 469 — 168 775,163 049 — 217 076,,,,37 — 54,56 — 71,,,"8,4%","15,1%",170%,https://maps.app.goo.gl/8RqxADVRo7KuSDRw6,https://www.google.com/maps/embed?pb=!1m14!1m8!1m3!1d3920.326585479567!2d98.2831735!3d7.9787556!3m2!1i1024!2i768!4f13.1!3m3!1m2!1s0x305039f92c71daf5%3A0x7954249b4eae87c1!2sPier22%20%40Bangtao%20Beach!5e1!3m2!1sru!2sru!4v1739259767380!5m2!1sru!2sru,https://cdn.prod.website-files.com/672b5797ac1486cdfc5122ac/67aa548026d442d223aa9f37_675efad1a71fc3ba494d5d50_Pier22%2520Exterior%2520(3).jpeg,https://cdn.prod.website-files.com/672b5797ac1486cdfc5122ac/67aa548026d442d223aa9f23_675efad5e54de359f9aa249d_Pier22%2520Exterior%2520(5).jpeg,https://cdn.prod.website-files.com/672b5797ac1486cdfc5122ac/67aa548026d442d223aa9f73_675efae15e7d150b89efbbeb_2Bedrooms%2520(3).png; https://cdn.prod.website-files.com/672b5797ac1486cdfc5122ac/67aa548026d442d223aa9f17_675efadbe2ebe46fa265c53d_2Bedrooms%2520(6).png; https://cdn.prod.website-files.com/672b5797ac1486cdfc5122ac/67aa548026d442d223aa9f05_675efad7d118cc5e4235c2ff_Pier22%2520Exterior%2520(8).jpeg,,,,,,,,100-000----200-000,naibolshaya-dohodnost; samye-komfortnye-dlya-zhizni
Proxima Villas,proxima-villas,67aa5457ac73e442cea4bc4a,672b5797ac1486cdfc512283,67aa547f66cd490c00799267,Mon Feb 10 2025 19:33:19 GMT+0000 (Coordinated Universal Time),Tue Feb 11 2025 08:16:59 GMT+0000 (Coordinated Universal Time),Tue Feb 11 2025 08:33:36 GMT+0000 (Coordinated Universal Time),Metrics Development Thailand,"8,7","8,5","8,5","9,0","8,9",Mon Dec 15 2025 00:00:00 GMT+0000 (Coordinated Universal Time),2025,14,,Bang Tao,11-30-min-na-mashine,15,do-30-min-na-mashine,27,10,Люкс,villa,net,,,,3-spalni,577 393,,,,577 393 — 666 223,,,,,228,,"6,3%","12,8%",147%,https://maps.app.goo.gl/WbEr2ww37JUbWp5p7,https://www.google.com/maps/embed?pb=!1m18!1m12!1m3!1d3920.1112400384545!2d98.3230402!3d8.0011788!2m3!1f0!2f0!3f0!3m2!1i1024!2i768!4f13.1!3m3!1m2!1s0x3050375facadf7f7%3A0xb8c2d56087a558db!2sPROXIMA%20VILLAS!5e1!3m2!1sru!2sru!4v1739259921619!5m2!1sru!2sru,https://cdn.prod.website-files.com/672b5797ac1486cdfc5122ac/67aa547e66cd490c00799238_675f1249cd722f468156f6cc_Master%2520plan_1.jpeg,https://cdn.prod.website-files.com/672b5797ac1486cdfc5122ac/67aa547e66cd490c0079923b_675f124ccf546772e84848bf_Night_1.jpeg,https://cdn.prod.website-files.com/672b5797ac1486cdfc5122ac/67aa547f66cd490c00799246_675f12588e947f0858a2b8a7_%25D0%259F%25D0%25BB%25D0%25B0%25D0%25BD%2520%25D0%25B2%25D0%25B8%25D0%25BB%25D0%25BB%25D1%258B%25201%2520%25D0%25BF%25D0%25B0%25D1%2580%25D0%25BA%25D0%25BE%25D0%25B2%25D0%25BA%25D0%25B0.jpeg; https://cdn.prod.website-files.com/672b5797ac1486cdfc5122ac/67aa547f66cd490c0079924d_675f1254d95bf5ffe0763c32_Bedroom%2520%25E2%2584%2596%25201_1.jpeg; https://cdn.prod.website-files.com/672b5797ac1486cdfc5122ac/67aa547e66cd490c00799241_675f1254bee91b289f857276_Interior_9.jpeg; https://cdn.prod.website-files.com/672b5797ac1486cdfc5122ac/67aa547f66cd490c00799249_675f124f072fd7f54b45d8db_Night_3.jpeg,,,,,,,,500-000----1-000-000,samye-udobnye-lokacii
Serene Condo Layan,serene-condo-layan,67aa5457ac73e442cea4bc4a,672b5797ac1486cdfc512283,67aa54819b6179cae6d5f781,Mon Feb 10 2025 19:33:21 GMT+0000 (Coordinated Universal Time),Tue Feb 11 2025 08:14:27 GMT+0000 (Coordinated Universal Time),Tue Feb 11 2025 08:33:36 GMT+0000 (Coordinated Universal Time),Serene Innovations & Developments,"8,9","7,9","9,3","9,0","9,4",Tue Nov 30 2027 00:00:00 GMT+0000 (Coordinated Universal Time),2027,247,,Thalang,11-30-min-peshkom; menee-5-min-na-mashine,2,do-30-min-na-mashine,23,60,Премиум,kvartira,est,74,7,childrens-playground; coworking; grocery; gym-fitness-center,ctudiya; 1-spalnya; 2-spalni; 3-spalni,149 485,149 485 — 196 904,227 941 — 291 312,318 093 — 430 341,612 666 — 612 666,,36 — 44,51 — 66,72 — 92,124,,"7,6%","14,7%",161%,https://maps.app.goo.gl/zNA8nx8GxBZqdtry9,https://www.google.com/maps/embed?pb=!1m14!1m8!1m3!1d7839.512649976095!2d98.2902181!3d8.0379993!3m2!1i1024!2i768!4f13.1!3m3!1m2!1s0x305039f5e738a147%3A0x45e54697deb37e57!2sSerene%20Condo%20Layan!5e1!3m2!1sru!2sru!4v1739259725473!5m2!1sru!2sru,https://cdn.prod.website-files.com/672b5797ac1486cdfc5122ac/67aa54809b6179cae6d5f62b_67610ff8ff9158fd4a88f9ee_Screenshot%25202024-12-17%2520at%252008.42.51.png,https://cdn.prod.website-files.com/672b5797ac1486cdfc5122ac/67aa54809b6179cae6d5f628_67610ffcbe9aa0e6d8bc4d1c_Screenshot%25202024-12-17%2520at%252008.43.19.png,https://cdn.prod.website-files.com/672b5797ac1486cdfc5122ac/67aa54819b6179cae6d5f654_67611002e3ba3bd57645d7ec_Group%2520608.png; https://cdn.prod.website-files.com/672b5797ac1486cdfc5122ac/67aa54819b6179cae6d5f640_67611004e9014b5afbcf541e_Group%2520606.png; https://cdn.prod.website-files.com/672b5797ac1486cdfc5122ac/67aa54819b6179cae6d5f63a_676110003a79984bb2143b52_Screenshot%25202024-12-17%2520at%252008.43.36.png,,,,,,,,100-000----200-000; 200-000----500-000; 500-000----1-000-000,naibolshaya-dohodnost; samye-udobnye-lokacii; samye-komfortnye-dlya-zhizni
Skypark Elara Lakelands,skypark-elara-lakelands,67aa5457ac73e442cea4bc4a,672b5797ac1486cdfc512283,67aa54810722864ed07fa069,Mon Feb 10 2025 19:33:21 GMT+0000 (Coordinated Universal Time),Tue Feb 11 2025 08:15:59 GMT+0000 (Coordinated Universal Time),Tue Feb 11 2025 08:33:36 GMT+0000 (Coordinated Universal Time),Banyan Group Residences,"8,9","9,4","8,3","9,3","8,9",Sat Jan 31 2026 00:00:00 GMT+0000 (Coordinated Universal Time),2026,220,,Thalang,11-30-min-peshkom; menee-5-min-na-mashine,4,do-30-min-na-mashine,21,5,Премиум,kvartira,net,,7,gym-fitness-center; childrens-playground,1-spalnya; 2-spalni; 3-spalni,272 613,,272 613 — 417 601,403 373 — 636 503,847 035 — 1 443 238,,,54 — 57,85,141 — 186,,"5,0%","11,8%",132%,https://maps.app.goo.gl/8gkqFP4FA7DtmYmZ6,https://www.google.com/maps/embed?pb=!1m17!1m12!1m3!1d3919.910742107176!2d98.3086111!3d8.022!2m3!1f0!2f0!3f0!3m2!1i1024!2i768!4f13.1!3m2!1m1!2zOMKwMDEnMTkuMiJOIDk4wrAxOCczMS4wIkU!5e1!3m2!1sru!2sru!4v1739259807737!5m2!1sru!2sru,https://cdn.prod.website-files.com/672b5797ac1486cdfc5122ac/67aa54800722864ed07f9f26_676021d09be3870370a22316_Screenshot%25202024-12-16%2520at%252015.47.10.png,https://cdn.prod.website-files.com/672b5797ac1486cdfc5122ac/67aa54800722864ed07f9f39_676021d5bdb99ed7bb70710b_Exterior%252005.jpeg,https://cdn.prod.website-files.com/672b5797ac1486cdfc5122ac/67aa54800722864ed07f9f3c_676021d79b86360f06f33c22_Exterior%252004.jpeg; https://cdn.prod.website-files.com/672b5797ac1486cdfc5122ac/67aa54800722864ed07f9f35_676021d962a637f464b8d08a_1%2520Bedroom_02.jpeg; https://cdn.prod.website-files.com/672b5797ac1486cdfc5122ac/67aa54800722864ed07f9f32_676021dc048d6a170c5a7580_2%2520Bedroom.jpeg,,,,,,,,200-000----500-000; 500-000----1-000-000; 100-000,samye-bezopasnye-dlya-investiciy
So Lagoon,so-lagoon,67aa5457ac73e442cea4bc4a,672b5797ac1486cdfc512283,67aa548167c2917a5056ed47,Mon Feb 10 2025 19:33:21 GMT+0000 (Coordinated Universal Time),Tue Feb 11 2025 08:13:40 GMT+0000 (Coordinated Universal Time),Tue Feb 11 2025 08:33:36 GMT+0000 (Coordinated Universal Time),Origin Property,"8,8","8,0","9,3","9,0","8,9",Fri Dec 31 2027 00:00:00 GMT+0000 (Coordinated Universal Time),2027,511,,Thalang,6-10-min-na-mashine,6,do-30-min-na-mashine,26,6,Премиум,kvartira,est,256,8,gym-fitness-center; coworking,ctudiya; 1-spalnya; 2-spalni; 3-spalni,92 846,92 846 — 106 611,95 813 — 147 910,194 635 — 236 236,290 959 — 343 732,,26 — 27,28 — 40,60 — 61,85 — 88,,"7,6%","14,1%",151%,https://maps.app.goo.gl/N9JCR9jZ9DzVvCbg8,https://www.google.com/maps/embed?pb=!1m18!1m12!1m3!1d3920.1692602380213!2d98.30820489999999!3d7.995143499999998!2m3!1f0!2f0!3f0!3m2!1i1024!2i768!4f13.1!3m3!1m2!1s0x305039665ef716b5%3A0xabdffbcaa23c6e1f!2sOrigin%20Lagoon%20Cherngtalay%20Phuket%20-%20Sales%20Gallery!5e1!3m2!1sru!2sru!4v1739259687452!5m2!1sru!2sru,https://cdn.prod.website-files.com/672b5797ac1486cdfc5122ac/67aa548167c2917a5056ecc2_675f161e594137306544c753_Screenshot%25202024-12-15%2520at%252020.44.38.png,https://cdn.prod.website-files.com/672b5797ac1486cdfc5122ac/67aa548167c2917a5056ecc5_675f1622884d703888371183_Screenshot%25202024-12-15%2520at%252020.44.04.png,https://cdn.prod.website-files.com/672b5797ac1486cdfc5122ac/67aa548167c2917a5056ecd9_675f162ac7e72aec12d5da4c_Screenshot%25202024-12-15%2520at%252020.45.19.png; https://cdn.prod.website-files.com/672b5797ac1486cdfc5122ac/67aa548167c2917a5056eccd_675f1627594137306544cc62_Screenshot%25202024-12-15%2520at%252020.45.00.png; https://cdn.prod.website-files.com/672b5797ac1486cdfc5122ac/67aa548167c2917a5056ecf0_675f1625ddcb9104738ec85b_3-FITNESS.jpeg,,,,,,,,100-000; 100-000----200-000; 200-000----500-000,naibolshaya-dohodnost; samye-udobnye-lokacii
So Origin Kata Phuket,so-origin-kata-phuket,67aa5457ac73e442cea4bc4a,672b5797ac1486cdfc512283,67aa54828ac6bffe5db06e54,Mon Feb 10 2025 19:33:22 GMT+0000 (Coordinated Universal Time),Tue Feb 11 2025 08:13:16 GMT+0000 (Coordinated Universal Time),Tue Feb 11 2025 08:33:36 GMT+0000 (Coordinated Universal Time),Origin Property,"9,1","9,9","8,8","8,8","8,9",Thu Dec 31 2026 00:00:00 GMT+0000 (Coordinated Universal Time),2026,686,,Phuket Town,11-30-min-peshkom; menee-5-min-na-mashine,2,do-60-min-na-mashine,60,9,Премиум,kvartira,est,206,8,gym-fitness-center,ctudiya; 1-spalnya; 2-spalni,120 134,120 134 — 134 068,129 696 — 220 023,268 662 — 356 486,,,30 — 47,65 — 75,,,,"6,7%","12,9%",141%,https://maps.app.goo.gl/EgKPud6XDHy8YhVi8,https://www.google.com/maps/embed?pb=!1m17!1m12!1m3!1d3921.7828497731925!2d98.29961109999999!3d7.825444399999999!2m3!1f0!2f0!3f0!3m2!1i1024!2i768!4f13.1!3m2!1m1!2zN8KwNDknMzEuNiJOIDk4wrAxNyc1OC42IkU!5e1!3m2!1sru!2sru!4v1739259634836!5m2!1sru!2sru,https://cdn.prod.website-files.com/672b5797ac1486cdfc5122ac/67aa54828ac6bffe5db06de8_675f143c6879da4dadc62a4c_Screenshot%25202024-12-15%2520at%252020.38.22%2520copy.png,https://cdn.prod.website-files.com/672b5797ac1486cdfc5122ac/67aa54818ac6bffe5db06de3_675f1441fa47fa6400a8948c_2024_07_30_PARTY%2520ROOM_C3_5000%2520(1).jpeg,https://cdn.prod.website-files.com/672b5797ac1486cdfc5122ac/67aa54828ac6bffe5db06df0_675f144441c3cbd6e177c560_2024_08_08_PARTY%2520ROOM_C2_5000.jpeg; https://cdn.prod.website-files.com/672b5797ac1486cdfc5122ac/67aa54828ac6bffe5db06ded_675f14483a136e7b24fc91e6_ORIGIN%2520KATA_MOCK%2520UP_26%2520SQM%2520%255BHQ%255D.jpeg; https://cdn.prod.website-files.com/672b5797ac1486cdfc5122ac/67aa54828ac6bffe5db06df6_675f144dc7e72aec12d46e47_Room%2520Typ%25202Bed_03.jpeg,,,,,,,,100-000----200-000; 200-000----500-000,samye-bezopasnye-dlya-investiciy
Sudara Phase 1,sudara-phase-1,67aa5457ac73e442cea4bc4a,672b5797ac1486cdfc512283,67aa5483427eccb05c1143e8,Mon Feb 10 2025 19:33:23 GMT+0000 (Coordinated Universal Time),Tue Feb 11 2025 08:12:53 GMT+0000 (Coordinated Universal Time),Tue Feb 11 2025 08:33:36 GMT+0000 (Coordinated Universal Time),Princess Villa Ltd.,"8,7","7,6","8,5","9,3","9,6",Wed Jun 30 2027 00:00:00 GMT+0000 (Coordinated Universal Time),2027,220,,Thalang,6-10-minut-peshkom; menee-5-min-na-mashine,3,do-60-min-na-mashine,34,15,Премиум,kvartira,est,220,7,childrens-playground; coworking; grocery; gym-fitness-center,1-spalnya; 2-spalni; 3-spalni,295 805,,295 805 — 451 326,455 096 — 711 707,625 741 — 824 863,,,52 — 78,80 — 144,109 — 124,,"5,0%","11,6%",127%,https://maps.app.goo.gl/ocJdokSqaFCMmpDu9,https://www.google.com/maps/embed?pb=!1m18!1m12!1m3!1d3920.19421016268!2d98.2953744!3d7.992546800000001!2m3!1f0!2f0!3f0!3m2!1i1024!2i768!4f13.1!3m3!1m2!1s0x305039336026429b%3A0x164ed8be36383ff6!2sSudara%20Phuket!5e1!3m2!1sru!2sru!4v1739259534966!5m2!1sru!2sru,https://cdn.prod.website-files.com/672b5797ac1486cdfc5122ac/67aa5482427eccb05c11434d_67601435e81b75cf8d39bdc5_04%2520Sudara%2520Club%2520House_The%2520Pavilion.png,https://cdn.prod.website-files.com/672b5797ac1486cdfc5122ac/67aa5482427eccb05c114345_67601438322b0c05bedca3d4_06%25202%2520Bedroom%2520Pool%2520Unit.png,https://cdn.prod.website-files.com/672b5797ac1486cdfc5122ac/67aa5483427eccb05c11435c_6760143b189062d991f4851c_08%2520Two%2520Bedroom%2520Garden%2520Unit.png; https://cdn.prod.website-files.com/672b5797ac1486cdfc5122ac/67aa5483427eccb05c11437d_6760143e9b86360f06e5ef35_09%2520Two%2520Bedroom%2520Living%2520Room%2520%2526%2520Kitchen.png; https://cdn.prod.website-files.com/672b5797ac1486cdfc5122ac/67aa5483427eccb05c114371_67601440189062d991f48a47_10%2520Two%2520Bedroom%2520Living%2520Room.png,,,,,,,,200-000----500-000; 500-000----1-000-000,samye-udobnye-lokacii; samye-komfortnye-dlya-zhizni
Terra Grove Layan,terra-grove-layan,67aa5457ac73e442cea4bc4a,672b5797ac1486cdfc512283,67aa548259241fb3aad73c32,Mon Feb 10 2025 19:33:22 GMT+0000 (Coordinated Universal Time),Tue Feb 11 2025 08:13:07 GMT+0000 (Coordinated Universal Time),,Serene Innovations & Developments,"8,7","7,7","8,8","9,0","9,4",Tue Nov 30 2027 00:00:00 GMT+0000 (Coordinated Universal Time),2027,128,,Thalang,11-30-min-peshkom; menee-5-min-na-mashine,2,do-30-min-na-mashine,24,60,Премиум,kvartira,est,38,6,childrens-playground; coworking; grocery; gym-fitness-center,2-spalni; 3-spalni; 4-spalni,258 306,,,258 306 — 342 227,387 825 — 1 541 265,574 938 — 2 161 741,,,54 — 69,81 — 270,108 — 376,"4,8%","12,2%","8,8%",https://maps.app.goo.gl/zNA8nx8GxBZqdtry9,https://www.google.com/maps/embed?pb=!1m14!1m8!1m3!1d7839.512649976095!2d98.2902181!3d8.0379993!3m2!1i1024!2i768!4f13.1!3m3!1m2!1s0x305039f5e738a147%3A0x45e54697deb37e57!2sSerene%20Condo%20Layan!5e1!3m2!1sru!2sru!4v1739259592199!5m2!1sru!2sru,,,,,,,,,,,200-000----500-000; 500-000----1-000-000; ot-1-000-000,samye-udobnye-lokacii; samye-komfortnye-dlya-zhizni
The Modeva,the-modeva,67aa5457ac73e442cea4bc4a,672b5797ac1486cdfc512283,67aa5484f56cb23b06173113,Mon Feb 10 2025 19:33:24 GMT+0000 (Coordinated Universal Time),Tue Feb 11 2025 08:12:41 GMT+0000 (Coordinated Universal Time),Tue Feb 11 2025 08:33:36 GMT+0000 (Coordinated Universal Time),Rhom Bho Property PLC,"9,0","9,5","8,8","8,5","9,1",Thu Dec 31 2026 00:00:00 GMT+0000 (Coordinated Universal Time),2026,859,,Thalang,11-30-min-peshkom; 6-10-min-na-mashine,8,do-60-min-na-mashine,33,16,Премиум,kvartira,est,330,7,childrens-playground; gym-fitness-center; coworking,1-spalnya; 2-spalni; 3-spalni,134 758,,134 758 — 307 298,290 496 — 590 254,641 263 — 731 554,,,29 — 58,65 — 118,138 — 148,,"6,5%","12,7%",140%,https://maps.app.goo.gl/WFKX4zRXYPy6AZ648,https://www.google.com/maps/embed?pb=!1m18!1m12!1m3!1d3920.2087803371337!2d98.296337!3d7.991029999999999!2m3!1f0!2f0!3f0!3m2!1i1024!2i768!4f13.1!3m3!1m2!1s0x305039002b3f14d7%3A0x5dc09d28d868ad24!2sTHE%20MODEVA!5e1!3m2!1sru!2sru!4v1739259492321!5m2!1sru!2sru,https://cdn.prod.website-files.com/672b5797ac1486cdfc5122ac/67aa5483f56cb23b06173041_67601143b045b3c0a0e8ab68_Screenshot%25202024-12-16%2520at%252014.37.11.png,https://cdn.prod.website-files.com/672b5797ac1486cdfc5122ac/67aa5483f56cb23b0617302f_6760114631702f892eb34ff2_Screenshot%25202024-12-16%2520at%252014.37.29.png,https://cdn.prod.website-files.com/672b5797ac1486cdfc5122ac/67aa5483f56cb23b0617306c_67601148ca071075b785d33d_Screenshot%25202024-12-16%2520at%252014.37.50.png; https://cdn.prod.website-files.com/672b5797ac1486cdfc5122ac/67aa5483f56cb23b0617303b_6760114bd7a3526317e9a52c_1B%2520L%2520l%252041%2520SQ.M_LIVING.jpeg; https://cdn.prod.website-files.com/672b5797ac1486cdfc5122ac/67aa5483f56cb23b0617303e_6760114e4a2a489be2734188_1B%2520L%2520l%252041%2520SQ.M_BEDROOM.jpeg,,,,,,,,100-000----200-000; 200-000----500-000; 500-000----1-000-000,samye-bezopasnye-dlya-investiciy; samye-komfortnye-dlya-zhizni
The Standard Residences,the-standard-residences,67aa5457ac73e442cea4bc4a,672b5797ac1486cdfc512283,67aa548459241fb3aad73df9,Mon Feb 10 2025 19:33:24 GMT+0000 (Coordinated Universal Time),Tue Feb 11 2025 08:11:55 GMT+0000 (Coordinated Universal Time),Tue Feb 11 2025 08:33:36 GMT+0000 (Coordinated Universal Time),CG Capital,"8,9","9,1","8,3","9,0","9,1",Thu Dec 31 2026 00:00:00 GMT+0000 (Coordinated Universal Time),2026,188,,Bang Tao,menee-5-min-na-mashine; 11-30-min-peshkom,5,do-30-min-na-mashine,29,10,Премиум,kvartira,net,,6,gym-fitness-center; childrens-playground,2-spalni; 3-spalni,593 027,,,593 027 — 754 711,969 353 — 1 075 723,,,,100 — 120,168 — 172,,"4,0%","11,0%",123%,https://maps.app.goo.gl/qRjBH5SjviE2THDVA,https://www.google.com/maps/embed?pb=!1m18!1m12!1m3!1d3920.15570625014!2d98.30397889999999!3d7.996553800000001!2m3!1f0!2f0!3f0!3m2!1i1024!2i768!4f13.1!3m3!1m2!1s0x305039000a1b0d95%3A0x1e3bb88a08dd6062!2sThe%20Standard%20Residences%2C%20Phuket%20Bang%20Tao!5e1!3m2!1sru!2sru!4v1739259307402!5m2!1sru!2sru,https://cdn.prod.website-files.com/672b5797ac1486cdfc5122ac/67aa548359241fb3aad73cf5_676020c99a631a424cbe2c91_highres010-aerial-top-viewthe-standard-exterior-enhance-2x-sharpen.jpeg,https://cdn.prod.website-files.com/672b5797ac1486cdfc5122ac/67aa548359241fb3aad73cfe_676020ccbe194e28b2198c7b_highres002-side-swimming-poolthe-standard-exterior-enhance-2x-sharpen.jpeg,https://cdn.prod.website-files.com/672b5797ac1486cdfc5122ac/67aa548459241fb3aad73d57_676020d3889daf3e275a8fe7_highres2bed-horizonthe-standard-exterior-enhance-2x-sharpen.jpeg; https://cdn.prod.website-files.com/672b5797ac1486cdfc5122ac/67aa548359241fb3aad73d24_676020d50112779aba21edcc_highres2bed_bedroomthe-standard-exterior-enhance-2x-sharpen.jpeg; https://cdn.prod.website-files.com/672b5797ac1486cdfc5122ac/67aa548459241fb3aad73d33_676020cfb09023f7ae51a79f_Screenshot%25202024-12-16%2520at%252015.44.12.png,,,,,,,,500-000----1-000-000; ot-1-000-000,samye-bezopasnye-dlya-investiciy; samye-udobnye-lokacii; samye-komfortnye-dlya-zhizni
The Title Cielo Rawai,the-title-cielo-rawai,67aa5457ac73e442cea4bc4a,672b5797ac1486cdfc512283,67aa5484ac73e442cea4e54d,Mon Feb 10 2025 19:33:24 GMT+0000 (Coordinated Universal Time),Tue Feb 11 2025 08:12:17 GMT+0000 (Coordinated Universal Time),Tue Feb 11 2025 08:33:36 GMT+0000 (Coordinated Universal Time),Rhom Bho Property PLC,"9,0","9,3","8,8","9,0","9,1",Sun Sep 20 2026 00:00:00 GMT+0000 (Coordinated Universal Time),2026,171,,Phuket Town,menee-5-minut-peshkom; menee-5-min-na-mashine,1,do-60-min-na-mashine,60,60,Премиум,kvartira,est,89,5,childrens-playground; coworking; gym-fitness-center,2-spalni,300 200,,,300 200 — 499 293,,,,,69 — 148,,,"6,0%","12,6%",141%,https://maps.app.goo.gl/NFkYYkZ3jzWYuU8MA,https://www.google.com/maps/embed?pb=!1m14!1m8!1m3!1d3922.283868333632!2d98.3176519!3d7.7720039!3m2!1i1024!2i768!4f13.1!3m3!1m2!1s0x3050290070646f29%3A0x8a51c815f628faeb!2zVGhlIFRpdGxlIENpZWxvIFJhd2FpIHwg4LmA4LiU4Lit4LiwIOC5hOC4l-C5gOC4l-C4tOC4pSDguYDguIvguLXguKLguYLguKXguYgg4Lij4Liy4LmE4Lin4Lii4LmM!5e1!3m2!1sru!2sru!4v1739259407900!5m2!1sru!2sru,https://cdn.prod.website-files.com/672b5797ac1486cdfc5122ac/67aa5483ac73e442cea4e51b_67600dc37a6389c0e4f181ec_1.%2520Main%2520Entrance.jpeg,https://cdn.prod.website-files.com/672b5797ac1486cdfc5122ac/67aa5483ac73e442cea4e51f_67600dc87c9bc55e2ebf4c9e_2.%2520Lobby%2520Entrance.jpeg,https://cdn.prod.website-files.com/672b5797ac1486cdfc5122ac/67aa5484ac73e442cea4e52b_67600dcbca071075b782b9e0_3.%2520Iconic%2520Beach%2520Island.jpeg; https://cdn.prod.website-files.com/672b5797ac1486cdfc5122ac/67aa5483ac73e442cea4e511_67600dceeb07df6872ccfd06_2%2520Bedroom_3.jpeg; https://cdn.prod.website-files.com/672b5797ac1486cdfc5122ac/67aa5483ac73e442cea4e523_67600dd1b60e4cc8ed87c6bf_2%2520Bedroom_1.jpeg,,,,,,,,200-000----500-000,samye-bezopasnye-dlya-investiciy; samye-udobnye-lokacii; samye-komfortnye-dlya-zhizni
The Title Heritage Bang-Tao,the-title-heritage-bang-tao,67aa5457ac73e442cea4bc4a,672b5797ac1486cdfc512283,67aa5484c6a80a7987e048dc,Mon Feb 10 2025 19:33:24 GMT+0000 (Coordinated Universal Time),Tue Feb 11 2025 08:12:06 GMT+0000 (Coordinated Universal Time),Tue Feb 11 2025 08:33:36 GMT+0000 (Coordinated Universal Time),Rhom Bho Property PLC,"8,9","9,7","8,0","9,0","9,0",Wed Dec 31 2025 00:00:00 GMT+0000 (Coordinated Universal Time),2025,789,,Thalang,11-30-min-peshkom; 6-10-min-na-mashine,7,do-30-min-na-mashine,28,2,Премиум,kvartira,est,608,7,gym-fitness-center; childrens-playground,1-spalnya; 2-spalni; 3-spalni,155 560,,155 560 — 321 448,315 984 — 768 246,592 200 — 980 176,,,32 — 64,66 — 145,122 — 185,,"5,8%","11,5%",130%,https://maps.app.goo.gl/BY3PLoFquroLY6y88,https://www.google.com/maps/embed?pb=!1m18!1m12!1m3!1d3920.1947154771096!2d98.30635529999999!3d7.992494199999998!2m3!1f0!2f0!3f0!3m2!1i1024!2i768!4f13.1!3m3!1m2!1s0x305039006cddc531%3A0x1b2e37325008c35f!2sThe%20Title%20Heritage%20Bang-Tao!5e1!3m2!1sru!2sru!4v1739259367500!5m2!1sru!2sru,https://cdn.prod.website-files.com/672b5797ac1486cdfc5122ac/67aa5484c6a80a7987e04888_67601e5aa827977b319f30b5_The%2520Title_Heritage_Perspective%2520Image%252BLogo_33_Main%2520Gate_1.jpeg,https://cdn.prod.website-files.com/672b5797ac1486cdfc5122ac/67aa5484c6a80a7987e04890_67601e65048d6a170c575252_The%2520Title_Heritage_Perspective%2520Eldery%2520Pool_001.jpeg,https://cdn.prod.website-files.com/672b5797ac1486cdfc5122ac/67aa5484c6a80a7987e048c4_67601e6952fed4e57bf1cfa7_The%2520Title_Heritage_Perspective%2520Lap%2520Pool.jpeg; https://cdn.prod.website-files.com/672b5797ac1486cdfc5122ac/67aa5484c6a80a7987e0488d_67601e709f1e1519d012c45c_The%2520Title_Heritage_Perspective%2520Ultimate%2520Luxury%2520190%2520Sq.m._001.jpeg; https://cdn.prod.website-files.com/672b5797ac1486cdfc5122ac/67aa5484c6a80a7987e048aa_67601e5d8baa0e77381d4ef9_The%2520Title_Heritage_Perspective%25201Bed49%2520Sq.m..jpeg,,,,,,,,100-000----200-000; 200-000----500-000; 500-000----1-000-000,samye-bezopasnye-dlya-investiciy; samye-udobnye-lokacii; samye-komfortnye-dlya-zhizni
The Title Legendary-Bang Tao,the-title-legendary-bang-tao,67aa5457ac73e442cea4bc4a,672b5797ac1486cdfc512283,67aa5485bd944435f2e76816,Mon Feb 10 2025 19:33:25 GMT+0000 (Coordinated Universal Time),Tue Feb 11 2025 08:11:32 GMT+0000 (Coordinated Universal Time),Tue Feb 11 2025 08:33:36 GMT+0000 (Coordinated Universal Time),Rhom Bho Property PLC,"9,0","9,7","8,0","9,0","9,1",Fri Jan 30 2026 00:00:00 GMT+0000 (Coordinated Universal Time),2026,637,,Thalang,11-30-min-peshkom; menee-5-min-na-mashine,4,do-60-min-na-mashine,32,29,Премиум,kvartira,net,,7,gym-fitness-center; childrens-playground; coworking,1-spalnya,222 492,,222 492 — 299 753,,,,,44 — 65,,,,"6,0%","11,6%",131%,https://maps.app.goo.gl/mkVYRb1uLivhZHeQ8,https://www.google.com/maps/embed?pb=!1m18!1m12!1m3!1d3920.2214107851546!2d98.29532859999999!3d7.9897149!2m3!1f0!2f0!3f0!3m2!1i1024!2i768!4f13.1!3m3!1m2!1s0x3050390076a0f271%3A0xd39ea4bafc9d3d1f!2sThe%20Title%20Legendary%20Bang-Tao!5e1!3m2!1sru!2sru!4v1739259261484!5m2!1sru!2sru,https://cdn.prod.website-files.com/672b5797ac1486cdfc5122ac/67aa5484bd944435f2e767ea_6760124816e17fb9a23882d7_The%2520Title%2520Legendary_E1.jpeg,https://cdn.prod.website-files.com/672b5797ac1486cdfc5122ac/67aa5484bd944435f2e767ee_6760124a4b199523c9ea8ca8_The%2520Title%2520Legendary_E5.jpeg,https://cdn.prod.website-files.com/672b5797ac1486cdfc5122ac/67aa5484bd944435f2e767f6_6760124d7c9bc55e2ec37f99_The%2520Title%2520Legendary_Ex011.jpeg; https://cdn.prod.website-files.com/672b5797ac1486cdfc5122ac/67aa5485bd944435f2e767fa_6760124e8edd871379b14cea_Type-S%2520View1%252024-11-23.jpeg; https://cdn.prod.website-files.com/672b5797ac1486cdfc5122ac/67aa5485bd944435f2e767fe_67601250e81b75cf8d37c991_Type-SView4%252025-11-23.jpeg,,,,,,,,200-000----500-000,samye-bezopasnye-dlya-investiciy; samye-udobnye-lokacii; samye-komfortnye-dlya-zhizni
The Title Serenity Naiyang,the-title-serenity-naiyang,67aa5457ac73e442cea4bc4a,672b5797ac1486cdfc512283,67aa54860722864ed07fa3ac,Mon Feb 10 2025 19:33:26 GMT+0000 (Coordinated Universal Time),Tue Feb 11 2025 08:10:53 GMT+0000 (Coordinated Universal Time),Tue Feb 11 2025 08:33:36 GMT+0000 (Coordinated Universal Time),Rhom Bho Property PLC,"9,0","9,6","8,0","9,0","9,3",Sun May 31 2026 00:00:00 GMT+0000 (Coordinated Universal Time),2026,814,,Thalang,6-10-minut-peshkom; menee-5-min-na-mashine,1,do-30-min-na-mashine,6,120,Премиум,kvartira,net,,6,childrens-playground; gym-fitness-center; coworking,1-spalnya; 2-spalni; 3-spalni,89 554,,89 554 — 169 494,198 101 — 288 552,394 233 — 512 887,,,26 — 39,57 — 65,113 — 123,,"5,4%","11,6%",130%,https://maps.app.goo.gl/mMqXwFDskoLPpxq28,https://www.google.com/maps/embed?pb=!1m18!1m12!1m3!1d4546.716926426327!2d98.30258479999999!3d8.0924151!2m3!1f0!2f0!3f0!3m2!1i1024!2i768!4f13.1!3m3!1m2!1s0x3050470074a2c775%3A0x2d48ad0cca68ca69!2sThe%20Title%20Serenity%20Naiyang!5e1!3m2!1sru!2sru!4v1739259078740!5m2!1sru!2sru,https://cdn.prod.website-files.com/672b5797ac1486cdfc5122ac/67aa54850722864ed07fa2e6_67601f91e9864eae0d47ee1e_Screenshot%25202024-12-16%2520at%252015.37.55.png,https://cdn.prod.website-files.com/672b5797ac1486cdfc5122ac/67aa54850722864ed07fa2e9_67601f95b09023f7ae504748_Screenshot%25202024-12-16%2520at%252015.38.23.png,https://cdn.prod.website-files.com/672b5797ac1486cdfc5122ac/67aa54860722864ed07fa32b_67601f99db62d336dd88dc37_Screenshot%25202024-12-16%2520at%252015.38.52.png; https://cdn.prod.website-files.com/672b5797ac1486cdfc5122ac/67aa54860722864ed07fa308_67601f9b3a62ad5b839519c2_SEN_1%2520Bedroom%252037_living%25201.jpeg; https://cdn.prod.website-files.com/672b5797ac1486cdfc5122ac/67aa54860722864ed07fa311_67601f9e20c3d0cb38b3b379_SEN_2%2520Bedroom%252056_bedroom2.jpeg,,,,,,,,100-000; 100-000----200-000; 200-000----500-000,samye-bezopasnye-dlya-investiciy; samye-udobnye-lokacii; samye-komfortnye-dlya-zhizni
The Zero Bang Tao,the-zero-bang-tao,67aa5457ac73e442cea4bc4a,672b5797ac1486cdfc512283,67aa548580ac7c9bd05ab874,Mon Feb 10 2025 19:33:25 GMT+0000 (Coordinated Universal Time),Tue Feb 11 2025 08:11:19 GMT+0000 (Coordinated Universal Time),Tue Feb 11 2025 08:33:36 GMT+0000 (Coordinated Universal Time),"Zero Developments Co., Ltd.","8,7","7,6","9,5","8,5","9,3",Thu Dec 31 2026 00:00:00 GMT+0000 (Coordinated Universal Time),2026,85,,Thalang,6-10-min-na-mashine,7,do-60-min-na-mashine,39,18,Премиум,kvartira,est,55,7,gym-fitness-center; coworking; childrens-playground,ctudiya; 1-spalnya; 2-spalni,101 449,101 449 — 122 509,136 526 — 285 601,233 248 — 423 766,,,27,36 — 72,60 — 95,,,"9,7%","16,7%",188%,https://maps.app.goo.gl/mGTvv4j5aLsoTcrR8,https://www.google.com/maps/embed?pb=!1m17!1m12!1m3!1d3920.267476014229!2d98.30425000000001!3d7.984916699999999!2m3!1f0!2f0!3f0!3m2!1i1024!2i768!4f13.1!3m2!1m1!2zN8KwNTknMDUuNyJOIDk4wrAxOCcxNS4zIkU!5e1!3m2!1sru!2sru!4v1739259208230!5m2!1sru!2sru,https://cdn.prod.website-files.com/672b5797ac1486cdfc5122ac/67aa548580ac7c9bd05ab828_675efc31f604a7a856f5e113_ZEBT_Perspective01.jpeg,https://cdn.prod.website-files.com/672b5797ac1486cdfc5122ac/67aa548580ac7c9bd05ab824_675efc3376a70263880283bf_ZEBT_Perspective05.jpeg,https://cdn.prod.website-files.com/672b5797ac1486cdfc5122ac/67aa548580ac7c9bd05ab832_675efc3e25ff5aab4c62b3ed_S__64929809_0.jpeg; https://cdn.prod.website-files.com/672b5797ac1486cdfc5122ac/67aa548580ac7c9bd05ab82c_675efc43bee91b289f741d87_B%2520BR1.jpeg; https://cdn.prod.website-files.com/672b5797ac1486cdfc5122ac/67aa548580ac7c9bd05ab867_675efc3bea96bdc67613969f_POOL2nopeople.jpeg,,,,,,,,100-000----200-000; 200-000----500-000,naibolshaya-dohodnost; samye-komfortnye-dlya-zhizni
VEGA Condominium,vega-condominium,67aa5457ac73e442cea4bc4a,672b5797ac1486cdfc512283,67aa5486f96ec6fbef989ba2,Mon Feb 10 2025 19:33:26 GMT+0000 (Coordinated Universal Time),Tue Feb 11 2025 08:11:07 GMT+0000 (Coordinated Universal Time),Tue Feb 11 2025 08:33:36 GMT+0000 (Coordinated Universal Time),Metrics Development Thailand,"9,1","8,4","9,5","9,0","9,4",Mon Aug 31 2026 00:00:00 GMT+0000 (Coordinated Universal Time),2026,263,,Thalang,6-10-min-na-mashine,8,do-30-min-na-mashine,21,49,Премиум,kvartira,est,526,7,gym-fitness-center; childrens-playground; coworking,ctudiya; 1-spalnya,106 932,106 932 — 152 235,163 308 — 232 595,,,,34,52,,,,"11,1%","17,4%",197%,https://maps.app.goo.gl/NgYE4p7Sr2399p4K6,https://www.google.com/maps/embed?pb=!1m18!1m12!1m3!1d3919.9217639928916!2d98.31310049999999!3d8.020856799999999!2m3!1f0!2f0!3f0!3m2!1i1024!2i768!4f13.1!3m3!1m2!1s0x305037e4c4d0d525%3A0xa4050f0562b4cfe9!2sVEGA%20condominium!5e1!3m2!1sru!2sru!4v1739259123958!5m2!1sru!2sru,https://cdn.prod.website-files.com/672b5797ac1486cdfc5122ac/67aa5485f96ec6fbef989b35_6760164b959ef23f5e3a5d10_Screenshot%25202024-12-16%2520at%252014.59.00.png,https://cdn.prod.website-files.com/672b5797ac1486cdfc5122ac/67aa5485f96ec6fbef989b48_6760164d757b06f6f1619243_10.%2520%25D0%25AD%25D0%25BA%25D1%2581%25D1%2582%25D0%25B5%25D1%2580%25D1%258C%25D0%25B5%25D1%2580.jpeg,https://cdn.prod.website-files.com/672b5797ac1486cdfc5122ac/67aa5486f96ec6fbef989b74_6760164f8afd694fccf15dc0_Screenshot%25202024-12-16%2520at%252014.59.25.png; https://cdn.prod.website-files.com/672b5797ac1486cdfc5122ac/67aa5485f96ec6fbef989b3f_67601651272dc5b6522cfb91_%25D0%259A%25D1%2583%25D1%2585%25D0%25BD%25D1%258F-%25D0%25B3%25D0%25BE%25D1%2581%25D1%2582%25D0%25B8%25D0%25BD%25D0%25B0%25D1%258F_1.jpeg; https://cdn.prod.website-files.com/672b5797ac1486cdfc5122ac/67aa5485f96ec6fbef989b4c_67601653d4a1aacd19c52c78_%25D0%25A1%25D0%25BF%25D0%25B0%25D0%25BB%25D1%258C%25D0%25BD%25D1%258F_3.jpeg,,,,,,,,100-000----200-000; 200-000----500-000,naibolshaya-dohodnost; samye-udobnye-lokacii; samye-komfortnye-dlya-zhizni
